sample,pressure_psi,porosity_pct,permeability_mD,pore_volume_cc,stage,rest_time_hr
B9,800,14.067,1.070,15.806,initial_loading,0
B9,1500,13.938,0.992,10.857,initial_loading,0
B9,2200,13.849,0.931,7.741,initial_loading,0
B9,2900,13.784,0.893,5.780,initial_loading,0
B9,3600,13.735,0.867,4.544,initial_loading,0
B9,4300,13.695,0.848,3.766,initial_loading,0
B9,5000,13.662,0.833,3.276,initial_loading,0
B9,5700,13.632,0.822,2.967,initial_loading,0
B9,800,13.595,0.660,17.020,5000psi_loading,0
B9,1500,13.459,0.614,11.988,5000psi_loading,0
B9,2200,13.363,0.591,8.817,5000psi_loading,0
B9,2900,13.291,0.569,6.818,5000psi_loading,0
B9,3600,13.234,0.554,5.557,5000psi_loading,0
B9,4300,13.187,0.546,4.762,5000psi_loading,0
B9,5000,13.145,0.540,4.260,5000psi_loading,0
B9,5700,13.107,0.534,3.943,5000psi_loading,0
B9,800,13.546,0.825,18.645,rest_after_5000psi,26
B9,1500,13.400,0.784,12.647,rest_after_5000psi,26
B9,2200,13.301,0.750,8.869,rest_after_5000psi,26
B9,2900,13.231,0.726,6.490,rest_after_5000psi,26
B9,3600,13.178,0.702,4.990,rest_after_5000psi,26
B9,4300,13.137,0.688,4.046,rest_after_5000psi,26
B9,5000,13.103,0.680,3.450,rest_after_5000psi,26
B9,5700,13.073,0.675,3.074,rest_after_5000psi,26
B9,800,13.527,0.688,16.180,rest_after_5000psi,294
B9,1500,13.399,0.654,11.316,rest_after_5000psi,294
B9,2200,13.309,0.628,8.233,rest_after_5000psi,294
B9,2900,13.243,0.609,6.279,rest_after_5000psi,294
B9,3600,13.191,0.595,5.041,rest_after_5000psi,294
B9,4300,13.149,0.583,4.256,rest_after_5000psi,294
B9,5000,13.112,0.574,3.758,rest_after_5000psi,294
B9,5700,13.079,0.569,3.441,rest_after_5000psi,294
B9,800,13.549,0.691,18.749,rest_after_5000psi,381
B9,1500,13.402,0.654,12.732,rest_after_5000psi,381
B9,2200,13.303,0.625,8.938,rest_after_5000psi,381
B9,2900,13.232,0.606,6.544,rest_after_5000psi,381
B9,3600,13.179,0.592,5.034,rest_after_5000psi,381
B9,4300,13.138,0.582,4.082,rest_after_5000psi,381
B9,5000,13.103,0.573,3.480,rest_after_5000psi,381
B9,5700,13.073,0.567,3.101,rest_after_5000psi,381
B9,800,12.969,0.544,17.370,7000psi_loading,0
B9,1500,12.837,0.492,11.780,7000psi_loading,0
B9,2200,12.746,0.469,8.490,7000psi_loading,0
B9,2900,12.682,0.465,6.391,7000psi_loading,0
B9,3600,12.633,0.461,4.971,7000psi_loading,0
B9,4300,12.595,0.453,3.966,7000psi_loading,0
B9,5000,12.563,0.449,3.229,7000psi_loading,0
B9,5700,12.535,0.445,2.671,7000psi_loading,0
B9,800,13.465,0.741,24.149,rest_after_7000psi,96
B9,1500,13.294,0.681,14.129,rest_after_7000psi,96
B9,2200,13.177,0.640,9.927,rest_after_7000psi,96
B9,2900,13.094,0.611,7.639,rest_after_7000psi,96
B9,3600,13.033,0.591,6.205,rest_after_7000psi,96
B9,4300,12.984,0.577,5.222,rest_after_7000psi,96
B9,5000,12.944,0.565,4.506,rest_after_7000psi,96
B9,5700,12.909,0.558,3.963,rest_after_7000psi,96
B9,800,13.407,0.713,22.048,rest_after_7000psi,197
B9,1500,13.236,0.667,12.702,rest_after_7000psi,197
B9,2200,13.125,0.636,8.881,rest_after_7000psi,197
B9,2900,13.0513,0.617,6.819,rest_after_7000psi,197
B9,3600,12.999,0.599,5.531,rest_after_7000psi,197
B9,4300,12.962,0.588,4.651,rest_after_7000psi,197
B9,5000,12.934,0.579,4.011,rest_after_7000psi,197
B9,5700,12.911,0.572,3.526,rest_after_7000psi,197
B9,800,13.327,0.722,18.562,rest_after_7000psi,730
B9,1500,13.186,0.676,12.224,rest_after_7000psi,730
B9,2200,13.094,0.645,8.236,rest_after_7000psi,730
B9,2900,13.031,0.624,5.725,rest_after_7000psi,730
B9,3600,12.986,0.612,4.144,rest_after_7000psi,730
B9,4300,12.954,0.601,3.149,rest_after_7000psi,730
B9,5000,12.928,0.593,2.522,rest_after_7000psi,730
B9,5700,12.907,0.589,2.128,rest_after_7000psi,730